{"cameraMode":{"drawMode":0,"name":"Shaded","section":"Shading Mode"},"sceneLighting":true,"audioPlay":false,"sceneViewState":{"m_AlwaysRefresh":false,"showFog":true,"showSkybox":true,"showFlares":true,"showImageEffects":true,"showParticleSystems":true,"showVisualEffectGraphs":true,"m_FxEnabled":true},"in2DMode":false,"pivot":{"x":14.150407791137696,"y":-5.5595293045043949,"z":9.397577285766602},"rotation":{"x":0.18450458347797395,"y":0.4728265702724457,"z":-0.1019660010933876,"w":0.8555705547332764},"size":12.128273010253907,"orthographic":false}