{"cameraMode":{"drawMode":0,"name":"Shaded","section":"Shading Mode"},"sceneLighting":true,"audioPlay":false,"sceneViewState":{"m_AlwaysRefresh":false,"showFog":true,"showSkybox":true,"showFlares":true,"showImageEffects":true,"showParticleSystems":true,"showVisualEffectGraphs":true,"m_FxEnabled":true},"in2DMode":false,"pivot":{"x":5.5746917724609379,"y":0.9100000858306885,"z":1.5239830017089844},"rotation":{"x":0.05031828582286835,"y":0.8791991472244263,"z":-0.09532279521226883,"w":0.4641054570674896},"size":1.610106110572815,"orthographic":false}